[
  {
    "model": "authentication.user",
    "pk": 1,
    "fields": {
      "password": "pbkdf2_sha256$30000$OBYWBCBODsQQ$dax9dx05PN6VUhIABSBXX1DLwVH0+/4cC2d6JtjIbbY=",
      "last_login": "2016-10-19T03:56:26.041Z",
      "is_superuser": true,
      "first_name": "",
      "last_name": "",
      "email": "admin@admin.com",
      "date_joined": "2016-10-17T10:23:24.793Z",
      "is_active": true,
      "is_admin": true,
      "groups": [],
      "user_permissions": []
    }
  },
  {
    "model": "authentication.user",
    "pk": 2,
    "fields": {
      "password": "user1",
      "last_login": "2016-10-17T10:59:23Z",
      "is_superuser": false,
      "first_name": "user1",
      "last_name": "user1",
      "email": "use1@user.com",
      "date_joined": "2016-10-17T10:59:45.146Z",
      "is_active": true,
      "is_admin": false,
      "groups": [],
      "user_permissions": []
    }
  },
  {
    "model": "authentication.user",
    "pk": 3,
    "fields": {
      "password": "user2",
      "last_login": "2016-10-17T11:00:26Z",
      "is_superuser": false,
      "first_name": "user2",
      "last_name": "user2",
      "email": "use2@user.com",
      "date_joined": "2016-10-17T11:00:38.653Z",
      "is_active": true,
      "is_admin": false,
      "groups": [],
      "user_permissions": []
    }
  },
  {
    "model": "authentication.profile",
    "pk": 1,
    "fields": {
      "user": 1,
      "country": "",
      "city": null,
      "gender": null,
      "birth_date": null,
      "balance": "0.00",
      "phone_number": null,
      "last_ip": null
    }
  },
  {
    "model": "authentication.profile",
    "pk": 2,
    "fields": {
      "user": 2,
      "country": "",
      "city": null,
      "gender": null,
      "birth_date": null,
      "balance": "0.00",
      "phone_number": null,
      "last_ip": null
    }
  },
  {
    "model": "authentication.profile",
    "pk": 3,
    "fields": {
      "user": 3,
      "country": "",
      "city": null,
      "gender": null,
      "birth_date": null,
      "balance": "0.00",
      "phone_number": null,
      "last_ip": null
    }
  },
  {
    "model": "manufacturer.meta",
    "pk": 1,
    "fields": {
      "title": "Все для Дома и Офиса",
      "title_ru": "Все для Дома и Офиса",
      "title_en": "",
      "meta_description": "Все для Дома и Офиса",
      "meta_description_ru": "Все для Дома и Офиса",
      "meta_description_en": "Accessories for house and office",
      "meta_keyword": "Все для Дома и Офиса",
      "meta_keyword_ru": "Все для Дома и Офиса",
      "meta_keyword_en": "Accessories for house and office"
    }
  },
  {
    "model": "manufacturer.meta",
    "pk": 2,
    "fields": {
      "title": "Мужская одежда",
      "title_ru": "Мужская одежда",
      "title_en": "",
      "meta_description": "Мужская одежда",
      "meta_description_ru": "Мужская одежда",
      "meta_description_en": "Men clothes",
      "meta_keyword": "Мужская одежда",
      "meta_keyword_ru": "Мужская одежда",
      "meta_keyword_en": "Men clothes"
    }
  },
  {
    "model": "manufacturer.meta",
    "pk": 3,
    "fields": {
      "title": "Мужские костюмы",
      "title_ru": "Мужские костюмы",
      "title_en": "",
      "meta_description": "Мужские костюмы",
      "meta_description_ru": "Мужские костюмы",
      "meta_description_en": "Men's suits",
      "meta_keyword": "Мужские костюмы",
      "meta_keyword_ru": "Мужские костюмы",
      "meta_keyword_en": "Men's suits"
    }
  },
  {
    "model": "manufacturer.meta",
    "pk": 4,
    "fields": {
      "title": "Женская одежда",
      "title_ru": "Женская одежда",
      "title_en": "",
      "meta_description": "Женская одежда",
      "meta_description_ru": "Женская одежда",
      "meta_description_en": "Woman clothes",
      "meta_keyword": "Женская одежда",
      "meta_keyword_ru": "Женская одежда",
      "meta_keyword_en": "Woman clothes"
    }
  },
  {
    "model": "manufacturer.meta",
    "pk": 5,
    "fields": {
      "title": "Блузки",
      "title_ru": "Блузки",
      "title_en": "",
      "meta_description": "Блузки",
      "meta_description_ru": "Блузки",
      "meta_description_en": "Shirts",
      "meta_keyword": "Блузки",
      "meta_keyword_ru": "Блузки",
      "meta_keyword_en": "Shirts"
    }
  },
  {
    "model": "manufacturer.meta",
    "pk": 6,
    "fields": {
      "title": "Рубашки",
      "title_ru": "Рубашки",
      "title_en": "",
      "meta_description": "Рубашки",
      "meta_description_ru": "Рубашки",
      "meta_description_en": "Skirts",
      "meta_keyword": "Рубашки",
      "meta_keyword_ru": "Рубашки",
      "meta_keyword_en": "Skirts"
    }
  },
  {
    "model": "manufacturer.meta",
    "pk": 7,
    "fields": {
      "title": "Декор",
      "title_ru": "Декор",
      "title_en": "",
      "meta_description": "Декор",
      "meta_description_ru": "Декор",
      "meta_description_en": "Decor",
      "meta_keyword": "Декор",
      "meta_keyword_ru": "Декор",
      "meta_keyword_en": "Decor"
    }
  },
  {
    "model": "manufacturer.meta",
    "pk": 8,
    "fields": {
      "title": "Шкатулки",
      "title_ru": "Шкатулки",
      "title_en": "",
      "meta_description": "Шкатулки",
      "meta_description_ru": "Шкатулки",
      "meta_description_en": "Caskets",
      "meta_keyword": "Шкатулки",
      "meta_keyword_ru": "Шкатулки",
      "meta_keyword_en": "Caskets"
    }
  },
  {
    "model": "manufacturer.meta",
    "pk": 9,
    "fields": {
      "title": "Картины",
      "title_ru": "Картины",
      "title_en": "",
      "meta_description": "Картины",
      "meta_description_ru": "Картины",
      "meta_description_en": "Pictures",
      "meta_keyword": "Картины",
      "meta_keyword_ru": "Картины",
      "meta_keyword_en": "Картины"
    }
  },
  {
    "model": "manufacturer.meta",
    "pk": 10,
    "fields": {
      "title": "Канцелярия",
      "title_ru": "Канцелярия",
      "title_en": "",
      "meta_description": "Канцелярия",
      "meta_description_ru": "Канцелярия",
      "meta_description_en": "Office accessories",
      "meta_keyword": "Канцелярия",
      "meta_keyword_ru": "Канцелярия",
      "meta_keyword_en": "office accessories"
    }
  },
  {
    "model": "manufacturer.meta",
    "pk": 11,
    "fields": {
      "title": "Подставки под карандаши и ручки",
      "title_ru": "Подставки под карандаши и ручки",
      "title_en": "",
      "meta_description": "Подставки под карандаши и ручки",
      "meta_description_ru": "Подставки под карандаши и ручки",
      "meta_description_en": "Stands for pens and pencils",
      "meta_keyword": "Подставки под карандаши и ручки",
      "meta_keyword_ru": "Подставки под карандаши и ручки",
      "meta_keyword_en": "Stands for pens and pencils"
    }
  },
  {
    "model": "manufacturer.meta",
    "pk": 12,
    "fields": {
      "title": "Блокноты",
      "title_ru": "Блокноты",
      "title_en": "",
      "meta_description": "Блокноты",
      "meta_description_ru": "Блокноты",
      "meta_description_en": "Notebook",
      "meta_keyword": "Блокноты",
      "meta_keyword_ru": "Блокноты",
      "meta_keyword_en": "Notebook"
    }
  },
  {
    "model": "manufacturer.meta",
    "pk": 13,
    "fields": {
      "title": "Игрушечные животные",
      "title_ru": "Игрушечные животные",
      "title_en": "",
      "meta_description": "Игрушечные животные",
      "meta_description_ru": "Игрушечные животные",
      "meta_description_en": "animal toys",
      "meta_keyword": "Игрушечные животные",
      "meta_keyword_ru": "Игрушечные животные",
      "meta_keyword_en": "animal toys"
    }
  },
  {
    "model": "manufacturer.meta",
    "pk": 14,
    "fields": {
      "title": "Куклы",
      "title_ru": "Куклы",
      "title_en": "",
      "meta_description": "Куклы",
      "meta_description_ru": "Куклы",
      "meta_description_en": "Dolls",
      "meta_keyword": "Куклы",
      "meta_keyword_ru": "Куклы",
      "meta_keyword_en": "Dolls"
    }
  },
  {
    "model": "manufacturer.meta",
    "pk": 15,
    "fields": {
      "title": "Мягкие игрушки",
      "title_ru": "Мягкие игрушки",
      "title_en": "",
      "meta_description": "Мягкие игрушки",
      "meta_description_ru": "Мягкие игрушки",
      "meta_description_en": "Stuffed Toys",
      "meta_keyword": "Мягкие игрушки",
      "meta_keyword_ru": "Мягкие игрушки",
      "meta_keyword_en": "Stuffed Toys"
    }
  },
  {
    "model": "manufacturer.meta",
    "pk": 16,
    "fields": {
      "title": "Игрушки из дерева",
      "title_ru": "Игрушки из дерева",
      "title_en": "",
      "meta_description": "Игрушки из дерева",
      "meta_description_ru": "Игрушки из дерева",
      "meta_description_en": "Wooden toys",
      "meta_keyword": "Игрушки из дерева",
      "meta_keyword_ru": "Игрушки из дерева",
      "meta_keyword_en": "Wooden toys"
    }
  },
  {
    "model": "manufacturer.meta",
    "pk": 17,
    "fields": {
      "title": "Пупсы",
      "title_ru": "Пупсы",
      "title_en": "",
      "meta_description": "Пупсы",
      "meta_description_ru": "Пупсы",
      "meta_description_en": "Small dolls",
      "meta_keyword": "Пупсы",
      "meta_keyword_ru": "Пупсы",
      "meta_keyword_en": "Small dolls"
    }
  },
  {
    "model": "manufacturer.meta",
    "pk": 18,
    "fields": {
      "title": "Барби",
      "title_ru": "Барби",
      "title_en": "",
      "meta_description": "Барби",
      "meta_description_ru": "Барби",
      "meta_description_en": "Barbie doll",
      "meta_keyword": "Барби",
      "meta_keyword_ru": "Барби",
      "meta_keyword_en": "Barbie doll"
    }
  },
  {
    "model": "manufacturer.category",
    "pk": 1,
    "fields": {
      "name": "Одежда",
      "name_ru": "Одежда",
      "name_en": "",
      "slug": "odezhda",
      "image": "",
      "banner": "",
      "parent": null,
      "is_active": true,
      "meta_tags": null,
      "lft": 1,
      "rght": 12,
      "tree_id": 2,
      "level": 0
    }
  },
  {
    "model": "manufacturer.category",
    "pk": 2,
    "fields": {
      "name": "Все для Дома и Офиса",
      "name_ru": "Все для Дома и Офиса",
      "name_en": "",
      "slug": "vsyo-dlya-doma-i-ofisa",
      "image": "",
      "banner": "",
      "parent": null,
      "is_active": true,
      "meta_tags": 1,
      "lft": 1,
      "rght": 14,
      "tree_id": 1,
      "level": 0
    }
  },
  {
    "model": "manufacturer.category",
    "pk": 3,
    "fields": {
      "name": "Подарки и Игрушки",
      "name_ru": "Подарки и Игрушки",
      "name_en": "",
      "slug": "podarki-i-igrushki",
      "image": "",
      "banner": "",
      "parent": null,
      "is_active": true,
      "meta_tags": null,
      "lft": 1,
      "rght": 14,
      "tree_id": 3,
      "level": 0
    }
  },
  {
    "model": "manufacturer.category",
    "pk": 4,
    "fields": {
      "name": "Мужская одежда",
      "name_ru": "Мужская одежда",
      "name_en": "",
      "slug": "muzhskaya-odezhda",
      "image": "",
      "banner": "",
      "parent": 1,
      "is_active": true,
      "meta_tags": 2,
      "lft": 6,
      "rght": 11,
      "tree_id": 2,
      "level": 1
    }
  },
  {
    "model": "manufacturer.category",
    "pk": 5,
    "fields": {
      "name": "Мужские костюмы",
      "name_ru": "Мужские костюмы",
      "name_en": "",
      "slug": "muzhskie-kostyumy",
      "image": "",
      "banner": "",
      "parent": 4,
      "is_active": true,
      "meta_tags": 3,
      "lft": 7,
      "rght": 8,
      "tree_id": 2,
      "level": 2
    }
  },
  {
    "model": "manufacturer.category",
    "pk": 6,
    "fields": {
      "name": "Женская одежда",
      "name_ru": "Женская одежда",
      "name_en": "",
      "slug": "zhenskaya-odezhda",
      "image": "",
      "banner": "",
      "parent": 1,
      "is_active": true,
      "meta_tags": 4,
      "lft": 2,
      "rght": 5,
      "tree_id": 2,
      "level": 1
    }
  },
  {
    "model": "manufacturer.category",
    "pk": 7,
    "fields": {
      "name": "Блузки",
      "name_ru": "Блузки",
      "name_en": "",
      "slug": "bluzki",
      "image": "",
      "banner": "",
      "parent": 6,
      "is_active": true,
      "meta_tags": 5,
      "lft": 3,
      "rght": 4,
      "tree_id": 2,
      "level": 2
    }
  },
  {
    "model": "manufacturer.category",
    "pk": 8,
    "fields": {
      "name": "Рубашки",
      "name_ru": "Рубашки",
      "name_en": "",
      "slug": "rubashki",
      "image": "",
      "banner": "",
      "parent": 4,
      "is_active": true,
      "meta_tags": 6,
      "lft": 9,
      "rght": 10,
      "tree_id": 2,
      "level": 2
    }
  },
  {
    "model": "manufacturer.category",
    "pk": 9,
    "fields": {
      "name": "Декор",
      "name_ru": "Декор",
      "name_en": "",
      "slug": "dekor",
      "image": "",
      "banner": "",
      "parent": 2,
      "is_active": true,
      "meta_tags": 7,
      "lft": 2,
      "rght": 7,
      "tree_id": 1,
      "level": 1
    }
  },
  {
    "model": "manufacturer.category",
    "pk": 10,
    "fields": {
      "name": "Шкатулки",
      "name_ru": "Шкатулки",
      "name_en": "",
      "slug": "shkatulki",
      "image": "",
      "banner": "",
      "parent": 9,
      "is_active": true,
      "meta_tags": 8,
      "lft": 5,
      "rght": 6,
      "tree_id": 1,
      "level": 2
    }
  },
  {
    "model": "manufacturer.category",
    "pk": 11,
    "fields": {
      "name": "Картины",
      "name_ru": "Картины",
      "name_en": "",
      "slug": "kartiny",
      "image": "",
      "banner": "",
      "parent": 9,
      "is_active": true,
      "meta_tags": 9,
      "lft": 3,
      "rght": 4,
      "tree_id": 1,
      "level": 2
    }
  },
  {
    "model": "manufacturer.category",
    "pk": 12,
    "fields": {
      "name": "Канцелярия",
      "name_ru": "Канцелярия",
      "name_en": "",
      "slug": "kancelyariya",
      "image": "",
      "banner": "",
      "parent": 2,
      "is_active": true,
      "meta_tags": 10,
      "lft": 8,
      "rght": 13,
      "tree_id": 1,
      "level": 1
    }
  },
  {
    "model": "manufacturer.category",
    "pk": 13,
    "fields": {
      "name": "Подставки под карандаши и ручки",
      "name_ru": "Подставки под карандаши и ручки",
      "name_en": "",
      "slug": "podstavki-pod-karandashi-i-ruchki",
      "image": "",
      "banner": "",
      "parent": 12,
      "is_active": true,
      "meta_tags": 11,
      "lft": 11,
      "rght": 12,
      "tree_id": 1,
      "level": 2
    }
  },
  {
    "model": "manufacturer.category",
    "pk": 14,
    "fields": {
      "name": "Блокноты",
      "name_ru": "Блокноты",
      "name_en": "",
      "slug": "bloknoty",
      "image": "",
      "banner": "",
      "parent": 12,
      "is_active": true,
      "meta_tags": 12,
      "lft": 9,
      "rght": 10,
      "tree_id": 1,
      "level": 2
    }
  },
  {
    "model": "manufacturer.category",
    "pk": 15,
    "fields": {
      "name": "Игрушечные животные",
      "name_ru": "Игрушечные животные",
      "name_en": "",
      "slug": "igrushechnye-zhivotnye",
      "image": "",
      "banner": "",
      "parent": 3,
      "is_active": true,
      "meta_tags": 13,
      "lft": 2,
      "rght": 7,
      "tree_id": 3,
      "level": 1
    }
  },
  {
    "model": "manufacturer.category",
    "pk": 16,
    "fields": {
      "name": "Куклы",
      "name_ru": "Куклы",
      "name_en": "",
      "slug": "kukly",
      "image": "",
      "banner": "",
      "parent": 3,
      "is_active": true,
      "meta_tags": 14,
      "lft": 8,
      "rght": 13,
      "tree_id": 3,
      "level": 1
    }
  },
  {
    "model": "manufacturer.category",
    "pk": 17,
    "fields": {
      "name": "Мягкие игрушки",
      "name_ru": "Мягкие игрушки",
      "name_en": "",
      "slug": "myagkie-igrushki",
      "image": "",
      "banner": "",
      "parent": 15,
      "is_active": true,
      "meta_tags": 15,
      "lft": 5,
      "rght": 6,
      "tree_id": 3,
      "level": 2
    }
  },
  {
    "model": "manufacturer.category",
    "pk": 18,
    "fields": {
      "name": "Игрушки из дерева",
      "name_ru": "Игрушки из дерева",
      "name_en": "",
      "slug": "igrushki-iz-dereva",
      "image": "",
      "banner": "",
      "parent": 15,
      "is_active": true,
      "meta_tags": 16,
      "lft": 3,
      "rght": 4,
      "tree_id": 3,
      "level": 2
    }
  },
  {
    "model": "manufacturer.category",
    "pk": 19,
    "fields": {
      "name": "Пупсы",
      "name_ru": "Пупсы",
      "name_en": "",
      "slug": "pupsy",
      "image": "",
      "banner": "",
      "parent": 16,
      "is_active": true,
      "meta_tags": 17,
      "lft": 11,
      "rght": 12,
      "tree_id": 3,
      "level": 2
    }
  },
  {
    "model": "manufacturer.category",
    "pk": 20,
    "fields": {
      "name": "Барби",
      "name_ru": "Барби",
      "name_en": "",
      "slug": "barbi",
      "image": "",
      "banner": "",
      "parent": 16,
      "is_active": true,
      "meta_tags": 18,
      "lft": 9,
      "rght": 10,
      "tree_id": 3,
      "level": 2
    }
  },
  {
    "model": "manufacturer.currency",
    "pk": 1,
    "fields": {
      "name": "Доллар",
      "name_ru": "Доллар",
      "name_en": "Dollar",
      "code": "USD",
      "value": 1.0
    }
  },
  {
    "model": "manufacturer.currency",
    "pk": 2,
    "fields": {
      "name": "Сом",
      "name_ru": "Сом",
      "name_en": "Som",
      "code": "KGS",
      "value": 68.3914
    }
  },
  {
    "model": "manufacturer.membershipshowcase",
    "pk": 1,
    "fields": {
      "name": "Standard",
      "price": "0.00",
      "price_kgs": "0.00",
      "price_rub": "0.00",
      "price_eur": "0.00",
      "price_kzt": "0.00",
      "item_quantity": 3,
      "commission": 0
    }
  },
  {
    "model": "manufacturer.membershipshowcase",
    "pk": 2,
    "fields": {
      "name": "Business",
      "price": "300.00",
      "price_kgs": "20400.00",
      "price_rub": "0.00",
      "price_eur": "0.00",
      "price_kzt": "0.00",
      "item_quantity": 0,
      "commission": 0
    }
  },
  {
    "model": "manufacturer.showcase",
    "pk": 1,
    "fields": {
      "business_type": "mr",
      "logo": "",
      "name": "Кружевной край",
      "name_ru": "Кружевной край",
      "name_en": "Krujevnoy kray",
      "slug": "krujevnoy-kray",
      "country": "KG",
      "city": "Бишкек",
      "city_ru": "Бишкек",
      "city_en": "Bishkek",
      "street_address": "Бульвар Победы 43",
      "street_address_ru": "Бульвар Победы 43",
      "street_address_en": "Bulvar Pobedy 43",
      "zip": "720000",
      "info": "<p>Производство кружевных изделий</p>",
      "info_ru": "<p>Производство кружевных изделий</p>",
      "info_en": "<p>Manufacturing of lace products</p>",
      "phone": "+996702135445",
      "email": "use1@user.com",
      "website": "",
      "admin": 2,
      "verified": false,
      "activated_at": "2016-10-19T04:09:55.680Z",
      "activated_by": 1,
      "status": "AC",
      "decline_reason": "",
      "decline_reason_ru": "",
      "decline_reason_en": "",
      "created_at": "2016-10-18T05:45:06.478Z",
      "is_banned": false,
      "membership": 2,
      "membership_exp_date": "2017-01-19",
      "balance": "0.00",
      "categories": [
        1
      ]
    }
  },
  {
    "model": "manufacturer.showcase",
    "pk": 2,
    "fields": {
      "business_type": "mr",
      "logo": "",
      "name": "Ассель",
      "name_ru": "Ассель",
      "name_en": "Assel",
      "slug": "assel",
      "country": "KG",
      "city": "Бишкек",
      "city_ru": "Бишкек",
      "city_en": "Bishkek",
      "street_address": "Советская 101",
      "street_address_ru": "Советская 101",
      "street_address_en": "Sovetskaya 101",
      "zip": "720000",
      "info": "<p>Производство одежды</p>",
      "info_ru": "<p>Производство одежды</p>",
      "info_en": "<p><sub>Clothes manufacturing</sub></p>",
      "phone": "+996702135445",
      "email": "use1@user.com",
      "website": "",
      "admin": 1,
      "verified": false,
      "activated_at": "2016-10-18T11:01:54.923Z",
      "activated_by": 1,
      "status": "MD",
      "decline_reason": "",
      "decline_reason_ru": "",
      "decline_reason_en": "",
      "created_at": "2016-10-18T05:47:12.832Z",
      "is_banned": false,
      "membership": 1,
      "membership_exp_date": "2017-02-24",
      "balance": "0.00",
      "categories": [
        1
      ]
    }
  },
  {
    "model": "manufacturer.showcase",
    "pk": 3,
    "fields": {
      "business_type": "mr",
      "logo": "showcases/5/logos/5.png",
      "name": "Лучшие Игрушки",
      "name_ru": "Лучшие Игрушки",
      "name_en": "Luchshie Igrushki",
      "slug": "luchshie-igrushki",
      "country": "KG",
      "city": "Бишкек",
      "city_ru": "Бишкек",
      "city_en": "Bishkek",
      "street_address": "Ахунбаева 99",
      "street_address_ru": "Ахунбаева 99",
      "street_address_en": "",
      "zip": "720000",
      "info": "<p>Производство мягких игрушек</p>",
      "info_ru": "<p>Производство мягких игрушек</p>",
      "info_en": "<p>Production of soft toys</p>",
      "phone": "+996702135445",
      "email": "use1@user.com",
      "website": "",
      "admin": 2,
      "verified": false,
      "activated_at": "2016-10-19T04:02:06.996Z",
      "activated_by": 1,
      "status": "AC",
      "decline_reason": "",
      "decline_reason_ru": "",
      "decline_reason_en": "",
      "created_at": "2016-10-18T05:48:49.458Z",
      "is_banned": false,
      "membership": 2,
      "membership_exp_date": "2017-02-10",
      "balance": "0.00",
      "categories": [
        3
      ]
    }
  },
  {
    "model": "manufacturer.showcase",
    "pk": 4,
    "fields": {
      "business_type": "mr",
      "logo": "",
      "name": "Мягкие Игрушки",
      "name_ru": "Мягкие Игрушки",
      "name_en": "Myagkie igrushki",
      "slug": "myagkie-igrushki",
      "country": "KG",
      "city": "Бишкек",
      "city_ru": "Бишкек",
      "city_en": "Bishkek",
      "street_address": "Минжилкиева 9",
      "street_address_ru": "Минжилкиева 9",
      "street_address_en": "Minzhilkieva 9",
      "zip": "720000",
      "info": "<p>производство мягких игрушек</p>",
      "info_ru": "<p>производство мягких игрушек</p>",
      "info_en": "<p>toys production</p>",
      "phone": "+996702135445",
      "email": "use1@user.com",
      "website": "",
      "admin": 1,
      "verified": false,
      "activated_at": "2016-10-19T04:09:18.120Z",
      "activated_by": 1,
      "status": "IN",
      "decline_reason": "",
      "decline_reason_ru": "",
      "decline_reason_en": "",
      "created_at": "2016-10-18T05:50:05.786Z",
      "is_banned": false,
      "membership": 1,
      "membership_exp_date": "2016-10-30",
      "balance": "0.00",
      "categories": [
        3
      ]
    }
  },
  {
    "model": "manufacturer.showcase",
    "pk": 5,
    "fields": {
      "business_type": "mr",
      "logo": "showcases/7/logos/7.png",
      "name": "Все для Дома",
      "name_ru": "Все для Дома",
      "name_en": "Vsyo dlya doma",
      "slug": "vsyo-dlya-doma",
      "country": "KG",
      "city": "Бишкек",
      "city_ru": "Бишкек",
      "city_en": "Bishkek",
      "street_address": "Медерова 90",
      "street_address_ru": "Медерова 90",
      "street_address_en": "Mederova 90",
      "zip": "720000",
      "info": "<p>Фурнитура для дома</p>",
      "info_ru": "<p>Фурнитура для дома</p>",
      "info_en": "<p>Accessories for home</p>",
      "phone": "+996702135445",
      "email": "use2@user.com",
      "website": "",
      "admin": 3,
      "verified": false,
      "activated_at": "2016-10-19T04:09:06.519Z",
      "activated_by": 1,
      "status": "DC",
      "decline_reason": "",
      "decline_reason_ru": "",
      "decline_reason_en": "",
      "created_at": "2016-10-18T05:51:54.388Z",
      "is_banned": false,
      "membership": 1,
      "membership_exp_date": "2017-02-24",
      "balance": "0.00",
      "categories": [
        2
      ]
    }
  },
  {
    "model": "manufacturer.showcase",
    "pk": 6,
    "fields": {
      "business_type": "mr",
      "logo": "",
      "name": "Все для Офиса",
      "name_ru": "Все для Офиса",
      "name_en": "Vsyo dlya ofisa",
      "slug": "vsyo-dlya-ofisa",
      "country": "KG",
      "city": "Бишкек",
      "city_ru": "Бишкек",
      "city_en": "Bishkek",
      "street_address": "Айтматова 78",
      "street_address_ru": "Айтматова 78",
      "street_address_en": "Aytmatova 78",
      "zip": "720000",
      "info": "<p>Изготовление офисной фурнитуры</p>",
      "info_ru": "<p>Изготовление офисной фурнитуры</p>",
      "info_en": "<p>Manufacturing of office accessories</p>",
      "phone": "+996702135445",
      "email": "admin@admin.com",
      "website": "",
      "admin": 1,
      "verified": false,
      "activated_at": "2016-10-19T04:08:38.840Z",
      "activated_by": 1,
      "status": "MD",
      "decline_reason": "",
      "decline_reason_ru": "",
      "decline_reason_en": "",
      "created_at": "2016-10-18T05:53:26.346Z",
      "is_banned": false,
      "membership": 2,
      "membership_exp_date": null,
      "balance": "0.00",
      "categories": [
        2
      ]
    }
  },
  {
    "model": "manufacturer.showcase",
    "pk": 7,
    "fields": {
      "business_type": "mr",
      "logo": "",
      "name": "Александра мода",
      "name_ru": "Александра мода",
      "name_en": "Alexabdra moda",
      "slug": "alexandra-moda",
      "country": "RU",
      "city": "Москва",
      "city_ru": "Москва",
      "city_en": "Moscow",
      "street_address": "г.Москва, Зеленоград, пр-д 4807, д. 1, стр. 2",
      "street_address_ru": "г.Москва, Зеленоград, пр-д 4807, д. 1, стр. 2",
      "street_address_en": "Bldg.2, 1, Proezd 4807, Zelenograd",
      "zip": "109382",
      "info": "<p>Производство детской одеждыTM CHERUBINO</p>",
      "info_ru": "<p>Производство детской одеждыTM CHERUBINO</p>",
      "info_en": "<p>Manufacture of CHERUBINO clothes for children.</p>",
      "phone": "+74997624090",
      "email": "7411305@mail.ru",
      "website": "",
      "admin": 1,
      "verified": false,
      "activated_at": "2016-10-19T04:08:27.179Z",
      "activated_by": 1,
      "status": "IN",
      "decline_reason": "",
      "decline_reason_ru": "",
      "decline_reason_en": "",
      "created_at": "2016-10-18T12:15:47.844Z",
      "is_banned": false,
      "membership": 1,
      "membership_exp_date": "2017-02-18",
      "balance": "0.00",
      "categories": [
        7
      ]
    }
  },
  {
    "model": "manufacturer.showcase",
    "pk": 8,
    "fields": {
      "business_type": "mr",
      "logo": "",
      "name": "Мужские Костюмы",
      "name_ru": "Мужские Костюмы",
      "name_en": "Mujskiye kostyumy",
      "slug": "mujskiye-kostyumy",
      "country": "KG",
      "city": "Бишкек",
      "city_ru": "Бишкек",
      "city_en": "Bishkek",
      "street_address": "Скрябина 99",
      "street_address_ru": "Скрябина 99",
      "street_address_en": "Skryabina 99",
      "zip": "72000",
      "info": "<p>пошив мужских костюмов</p>",
      "info_ru": "<p>пошив мужских костюмов</p>",
      "info_en": "<p>poshiv mujskih kostyumov</p>",
      "phone": "+996555998899",
      "email": "",
      "website": "",
      "admin": 1,
      "verified": false,
      "activated_at": "2016-10-19T04:15:36.419Z",
      "activated_by": 1,
      "status": "DC",
      "decline_reason": "",
      "decline_reason_ru": "",
      "decline_reason_en": "",
      "created_at": "2016-10-19T04:15:36.419Z",
      "is_banned": false,
      "membership": 2,
      "membership_exp_date": "2017-07-20",
      "balance": "0.00",
      "categories": [
        5
      ]
    }
  },
  {
    "model": "manufacturer.unit",
    "pk": 1,
    "fields": {
      "name": "Штук",
      "name_ru": "Штук",
      "name_en": "",
      "symbol": "Шт",
      "symbol_ru": "Шт",
      "symbol_en": ""
    }
  },
  {
    "model": "manufacturer.item",
    "pk": 2,
    "fields": {
      "category": 15,
      "showcase": 3,
      "name": "Teddy Bear",
      "name_ru": "Teddy Bear",
      "name_en": "Teddy Bear",
      "slug": "teddy-bear",
      "price": "15.00",
      "original_price": "13.00",
      "currency": 1,
      "discount": 0,
      "min_order": 1,
      "delivery_scope": 1000,
      "description": "<p>Teddy Bear</p>",
      "description_ru": "<p>Teddy Bear</p>",
      "description_en": "<p>Teddy Bear</p>",
      "published": true,
      "unit": 1,
      "created_at": "2016-10-18T05:57:25.551Z",
      "edited_at": "2016-10-18T12:01:14.511Z",
      "status": "AC",
      "decline_reason": "",
      "decline_reason_ru": "",
      "decline_reason_en": ""
    }
  },
  {
    "model": "manufacturer.item",
    "pk": 3,
    "fields": {
      "category": 10,
      "showcase": 5,
      "name": "шкатулка деревянная",
      "name_ru": "шкатулка деревянная",
      "name_en": "derevyannaya shkatulka",
      "slug": "shkatulka-derevyannaya",
      "price": "15.00",
      "original_price": "13.00",
      "currency": 1,
      "discount": 0,
      "min_order": 1,
      "delivery_scope": 1000,
      "description": "<p>шкатулка деревянная</p>",
      "description_ru": "<p>шкатулка деревянная</p>",
      "description_en": "<p>wooden box</p>",
      "published": true,
      "unit": 1,
      "created_at": "2016-10-18T05:58:28.673Z",
      "edited_at": "2016-10-19T04:20:49.820Z",
      "status": "AC",
      "decline_reason": "",
      "decline_reason_ru": "",
      "decline_reason_en": ""
    }
  },
  {
    "model": "manufacturer.item",
    "pk": 4,
    "fields": {
      "category": 11,
      "showcase": 5,
      "name": "Картина настенная",
      "name_ru": "Картина настенная",
      "name_en": "wall picture",
      "slug": "kartina-nastennaya",
      "price": "20.00",
      "original_price": "18.00",
      "currency": 1,
      "discount": 0,
      "min_order": 1,
      "delivery_scope": 2000,
      "description": "<p>Картина настенная</p>",
      "description_ru": "<p>Картина настенная</p>",
      "description_en": "<p>walll picuture</p>",
      "published": true,
      "unit": 1,
      "created_at": "2016-10-18T06:01:02.536Z",
      "edited_at": "2016-10-19T03:58:59.980Z",
      "status": "AC",
      "decline_reason": "",
      "decline_reason_ru": "",
      "decline_reason_en": ""
    }
  },
  {
    "model": "manufacturer.item",
    "pk": 5,
    "fields": {
      "category": 11,
      "showcase": 6,
      "name": "Картина",
      "name_ru": "Картина",
      "name_en": "Picture",
      "slug": "kartina",
      "price": "10.00",
      "original_price": "9.00",
      "currency": 1,
      "discount": 0,
      "min_order": 1,
      "delivery_scope": 500,
      "description": "<p>Картина</p>",
      "description_ru": "<p>Картина</p>",
      "description_en": "<p>Picture</p>",
      "published": true,
      "unit": 1,
      "created_at": "2016-10-18T06:03:39.327Z",
      "edited_at": "2016-10-19T03:57:55.228Z",
      "status": "AC",
      "decline_reason": "",
      "decline_reason_ru": "",
      "decline_reason_en": ""
    }
  },
  {
    "model": "manufacturer.item",
    "pk": 6,
    "fields": {
      "category": 8,
      "showcase": 1,
      "name": "Рубашка",
      "name_ru": "Рубашка",
      "name_en": "Rubashka",
      "slug": "rubashka",
      "price": "50.00",
      "original_price": "48.00",
      "currency": 1,
      "discount": 0,
      "min_order": 1,
      "delivery_scope": 800,
      "description": "<p>Рубашка</p>",
      "description_ru": "<p>Рубашка</p>",
      "description_en": "<p>Stany</p>",
      "published": true,
      "unit": 1,
      "created_at": "2016-10-18T06:05:27.683Z",
      "edited_at": "2016-10-19T04:06:50.131Z",
      "status": "AC",
      "decline_reason": "",
      "decline_reason_ru": "",
      "decline_reason_en": ""
    }
  },
  {
    "model": "manufacturer.item",
    "pk": 7,
    "fields": {
      "category": 7,
      "showcase": 2,
      "name": "Блузка",
      "name_ru": "Блузка",
      "name_en": "Bluzka",
      "slug": "bluzka",
      "price": "52.00",
      "original_price": "48.00",
      "currency": 1,
      "discount": 0,
      "min_order": 1,
      "delivery_scope": 9000,
      "description": "<p>Bluzka</p>",
      "description_ru": "<p>Bluzka</p>",
      "description_en": "<p>Bluzka</p>",
      "published": true,
      "unit": 1,
      "created_at": "2016-10-18T06:07:18.680Z",
      "edited_at": "2016-10-18T11:49:07.565Z",
      "status": "AC",
      "decline_reason": "",
      "decline_reason_ru": "",
      "decline_reason_en": ""
    }
  },
  {
    "model": "manufacturer.item",
    "pk": 8,
    "fields": {
      "category": 7,
      "showcase": 2,
      "name": "Синяя Блузка",
      "name_ru": "Синяя Блузка",
      "name_en": "sinyaya bluzka",
      "slug": "sinyaya-bluzka",
      "price": "25.00",
      "original_price": "20.00",
      "currency": 1,
      "discount": 0,
      "min_order": 1,
      "delivery_scope": 2000,
      "description": "<p>Синяя Блузка</p>",
      "description_ru": "<p>Синяя Блузка</p>",
      "description_en": "<p>Sinyaya bluzka</p>",
      "published": true,
      "unit": 1,
      "created_at": "2016-10-19T04:01:13.506Z",
      "edited_at": "2016-10-19T04:01:13.506Z",
      "status": "MD",
      "decline_reason": "",
      "decline_reason_ru": "",
      "decline_reason_en": ""
    }
  },
  {
    "model": "manufacturer.item",
    "pk": 9,
    "fields": {
      "category": 8,
      "showcase": 1,
      "name": "Рубашка белая",
      "name_ru": "Рубашка белая",
      "name_en": "Rubashka belaya",
      "slug": "rubashka-belaya",
      "price": "26.00",
      "original_price": "24.00",
      "currency": 1,
      "discount": 0,
      "min_order": 1,
      "delivery_scope": 2000,
      "description": "<p>Рубашка белая</p>",
      "description_ru": "<p>Рубашка белая</p>",
      "description_en": "<p>Rubashka belaya</p>",
      "published": true,
      "unit": 1,
      "created_at": "2016-10-19T04:12:01.267Z",
      "edited_at": "2016-10-19T04:12:01.267Z",
      "status": "MD",
      "decline_reason": "",
      "decline_reason_ru": "",
      "decline_reason_en": ""
    }
  },
  {
    "model": "manufacturer.item",
    "pk": 10,
    "fields": {
      "category": 5,
      "showcase": 8,
      "name": "Черный костюм",
      "name_ru": "Черный костюм",
      "name_en": "Cherniy kostyum",
      "slug": "chernyj-kostyum",
      "price": "55.00",
      "original_price": "50.00",
      "currency": 1,
      "discount": 0,
      "min_order": 1,
      "delivery_scope": 5000,
      "description": "<p>Черный костюм</p>",
      "description_ru": "<p>Черный костюм</p>",
      "description_en": "<p \"=\"\">Cherniy kostyum</p>",
      "published": true,
      "unit": 1,
      "created_at": "2016-10-19T04:16:33.122Z",
      "edited_at": "2016-10-19T04:16:33.122Z",
      "status": "AC",
      "decline_reason": "",
      "decline_reason_ru": "",
      "decline_reason_en": ""
    }
  },
  {
    "model": "manufacturer.item",
    "pk": 11,
    "fields": {
      "category": 5,
      "showcase": 8,
      "name": "классический костюм",
      "name_ru": "классический костюм",
      "name_en": "Klssicheskiy kostyum",
      "slug": "klassicheskij-kostyum",
      "price": "66.00",
      "original_price": "62.00",
      "currency": 1,
      "discount": 0,
      "min_order": 1,
      "delivery_scope": 600,
      "description": "<p>классический костюм</p>",
      "description_ru": "<p>классический костюм</p>",
      "description_en": "<p>klassicheskiy kostyum</p>",
      "published": true,
      "unit": 1,
      "created_at": "2016-10-19T04:17:30.210Z",
      "edited_at": "2016-10-19T04:17:30.211Z",
      "status": "AC",
      "decline_reason": "",
      "decline_reason_ru": "",
      "decline_reason_en": ""
    }
  },
  {
    "model": "manufacturer.item",
    "pk": 12,
    "fields": {
      "category": 10,
      "showcase": 6,
      "name": "позолоченная шкатулка",
      "name_ru": "позолоченная шкатулка",
      "name_en": "pozolochnnaya shkatulka",
      "slug": "pozolochennaya-shkatulka",
      "price": "80.00",
      "original_price": "78.00",
      "currency": 1,
      "discount": 0,
      "min_order": 1,
      "delivery_scope": 850,
      "description": "<p>позолоченная шкатулка</p>",
      "description_ru": "<p>позолоченная шкатулка</p>",
      "description_en": "<p \"=\"\">pozolochennaya shkatulka</p>",
      "published": true,
      "unit": 1,
      "created_at": "2016-10-19T04:20:27.882Z",
      "edited_at": "2016-10-19T04:20:27.882Z",
      "status": "DC",
      "decline_reason": "",
      "decline_reason_ru": "",
      "decline_reason_en": ""
    }
  },
  {
    "model": "manufacturer.item",
    "pk": 13,
    "fields": {
      "category": 16,
      "showcase": 3,
      "name": "Кукла детская",
      "name_ru": "Кукла детская",
      "name_en": "kukla detskaya",
      "slug": "kukla-detskaya",
      "price": "25.00",
      "original_price": "23.00",
      "currency": 1,
      "discount": 0,
      "min_order": 1,
      "delivery_scope": 600,
      "description": "<p>Кукла детская</p>",
      "description_ru": "<p>Кукла детская</p>",
      "description_en": "<p \"=\"\">kukla detskaya</p>",
      "published": true,
      "unit": 1,
      "created_at": "2016-10-19T04:23:48.789Z",
      "edited_at": "2016-10-19T04:23:48.789Z",
      "status": "DC",
      "decline_reason": "",
      "decline_reason_ru": "",
      "decline_reason_en": ""
    }
  },
  {
    "model": "manufacturer.item",
    "pk": 14,
    "fields": {
      "category": 16,
      "showcase": 3,
      "name": "Пупс",
      "name_ru": "Пупс",
      "name_en": "pups",
      "slug": "pups",
      "price": "56.00",
      "original_price": "54.00",
      "currency": 1,
      "discount": 0,
      "min_order": 1,
      "delivery_scope": 500,
      "description": "<p>Пупс</p>",
      "description_ru": "<p>Пупс</p>",
      "description_en": "<p>Pups</p>",
      "published": true,
      "unit": 1,
      "created_at": "2016-10-19T04:24:38.273Z",
      "edited_at": "2016-10-19T04:24:38.273Z",
      "status": "IN",
      "decline_reason": "",
      "decline_reason_ru": "",
      "decline_reason_en": ""
    }
  },
  {
    "model": "manufacturer.item",
    "pk": 15,
    "fields": {
      "category": 15,
      "showcase": 5,
      "name": "Плюшевый заяц",
      "name_ru": "Плюшевый заяц",
      "name_en": "Plyusheviy zayac",
      "slug": "plyushevyj-zayac",
      "price": "35.00",
      "original_price": "32.00",
      "currency": 1,
      "discount": 0,
      "min_order": 1,
      "delivery_scope": 2500,
      "description": "<p>Плюшевый заяц</p>",
      "description_ru": "<p>Плюшевый заяц</p>",
      "description_en": "<p>plyusheviy zayac</p>",
      "published": true,
      "unit": 1,
      "created_at": "2016-10-19T04:25:44.279Z",
      "edited_at": "2016-10-19T04:25:44.279Z",
      "status": "IN",
      "decline_reason": "",
      "decline_reason_ru": "",
      "decline_reason_en": ""
    }
  },
  {
    "model": "manufacturer.item",
    "pk": 16,
    "fields": {
      "category": 20,
      "showcase": 4,
      "name": "Кукла Барби",
      "name_ru": "Кукла Барби",
      "name_en": "Kukla Barbi",
      "slug": "kukla-barbi",
      "price": "26.00",
      "original_price": "25.00",
      "currency": 1,
      "discount": 0,
      "min_order": 1,
      "delivery_scope": 4000,
      "description": "<p>Кукла Барби</p>",
      "description_ru": "<p>Кукла Барби</p>",
      "description_en": "<p>Kukla barbi</p>",
      "published": true,
      "unit": 1,
      "created_at": "2016-10-19T04:26:45.059Z",
      "edited_at": "2016-10-19T04:26:45.059Z",
      "status": "MD",
      "decline_reason": "",
      "decline_reason_ru": "",
      "decline_reason_en": ""
    }
  },
  {
    "model": "manufacturer.item",
    "pk": 17,
    "fields": {
      "category": 20,
      "showcase": 4,
      "name": "Дочь барби",
      "name_ru": "Дочь барби",
      "name_en": "Doch barbi",
      "slug": "doch-barbi",
      "price": "45.00",
      "original_price": "41.00",
      "currency": 2,
      "discount": 0,
      "min_order": 1,
      "delivery_scope": 2000,
      "description": "<p>Дочь барби</p>",
      "description_ru": "<p>Дочь барби</p>",
      "description_en": "<p \"=\"\">Doch barbi</p>",
      "published": true,
      "unit": 1,
      "created_at": "2016-10-19T04:30:03.453Z",
      "edited_at": "2016-10-19T04:30:03.453Z",
      "status": "MD",
      "decline_reason": "",
      "decline_reason_ru": "",
      "decline_reason_en": ""
    }
  },
  {
    "model": "manufacturer.item",
    "pk": 18,
    "fields": {
      "category": 18,
      "showcase": 4,
      "name": "Медведь",
      "name_ru": "Медведь",
      "name_en": "Medved",
      "slug": "medved",
      "price": "25.00",
      "original_price": "21.00",
      "currency": 1,
      "discount": 0,
      "min_order": 1,
      "delivery_scope": 400,
      "description": "<p>Медведь</p>",
      "description_ru": "<p>Медведь</p>",
      "description_en": "<p>Medved</p>",
      "published": true,
      "unit": 1,
      "created_at": "2016-10-19T04:31:08.625Z",
      "edited_at": "2016-10-19T04:31:08.626Z",
      "status": "AC",
      "decline_reason": "",
      "decline_reason_ru": "",
      "decline_reason_en": ""
    }
  },
  {
    "model": "manufacturer.item",
    "pk": 19,
    "fields": {
      "category": 18,
      "showcase": 4,
      "name": "Лев деревянный",
      "name_ru": "Лев деревянный",
      "name_en": "lev derevyanniy",
      "slug": "lev-derevyannyj",
      "price": "15.00",
      "original_price": "12.00",
      "currency": 1,
      "discount": 0,
      "min_order": 1,
      "delivery_scope": 500,
      "description": "<p>Лев деревянный</p>",
      "description_ru": "<p>Лев деревянный</p>",
      "description_en": "<p \"=\"\">lev derevyanniy</p>",
      "published": true,
      "unit": 1,
      "created_at": "2016-10-19T04:32:05.358Z",
      "edited_at": "2016-10-19T04:32:26.404Z",
      "status": "AC",
      "decline_reason": "",
      "decline_reason_ru": "",
      "decline_reason_en": ""
    }
  },
  {
    "model": "manufacturer.producer",
    "pk": 1,
    "fields": {
      "logo": "",
      "name": "ALPEX KLASS",
      "name_ru": "ALPEX KLASS",
      "name_en": "ALPEX KLASS",
      "slug": "alpex-klass",
      "country": "RU",
      "city": "Москва",
      "city_ru": "Москва",
      "city_en": "Moskow",
      "street_address": "Егорьевский пр-д, 3Ж, стр. 6",
      "street_address_ru": "Егорьевский пр-д, 3Ж, стр. 6",
      "street_address_en": "4, Kotsyubinskogo Str.",
      "zip": "109382",
      "info": "Производство, оптовая продажа детской верхней одежды на рост от 86 см до 176 см (курток, пальто, комбинезонов, полукомбинезонов, ветровок и т. д.) Торговая марка Alpex.",
      "info_ru": "Производство, оптовая продажа детской верхней одежды на рост от 86 см до 176 см (курток, пальто, комбинезонов, полукомбинезонов, ветровок и т. д.) Торговая марка Alpex.",
      "info_en": "Production, wholesale of children's clothes sizing 86 to 176 (jackets, coats, coveralls, overalls, jackets, etc.) under the Alpex trademark.",
      "phone": "4956004824",
      "email": "info@intex.ru",
      "website": "",
      "categories": [
        5
      ]
    }
  },
  {
    "model": "manufacturer.producer",
    "pk": 2,
    "fields": {
      "logo": "",
      "name": "АРИАДНА-96",
      "name_ru": "АРИАДНА-96",
      "name_en": "ARIADNA-96, LTD.",
      "slug": "ariadna-96",
      "country": "RU",
      "city": "Москва",
      "city_ru": "Москва",
      "city_en": "Moskow",
      "street_address": "пер. Тамбовский, д. 6а",
      "street_address_ru": "пер. Тамбовский, д. 6а",
      "street_address_en": "6A, Pereulok Tambovskiy",
      "zip": "115191",
      "info": "ТМ G'n'K (ООО «Ариадна-96») — современное российское производство эксклюзивной верхней одежды с пуховым и синтетическими утеплителями для детей и подростков.",
      "info_ru": "ТМ G'n'K (ООО «Ариадна-96») — современное российское производство эксклюзивной верхней одежды с пуховым и синтетическими утеплителями для детей и подростков.",
      "info_en": "TM G'n'K (Ariadna-96 LTD.) is a modern factory manufacturing exclusive outerwear with down and synthetic insulation for children and teenagers.",
      "phone": "9197282615",
      "email": "e.fadeeva@interteks.ru",
      "website": "",
      "categories": [
        10
      ]
    }
  },
  {
    "model": "manufacturer.producer",
    "pk": 3,
    "fields": {
      "logo": "",
      "name": "БОРН ЕВРОПА, ООО",
      "name_ru": "БОРН ЕВРОПА, ООО",
      "name_en": "BORN EUROPE, LLC",
      "slug": "born-evropa-ooo",
      "country": "RU",
      "city": "Сыктывкар",
      "city_ru": "Сыктывкар",
      "city_en": "Siktivkar",
      "street_address": "Комсомольский просп., д. 11",
      "street_address_ru": "Комсомольский просп., д. 11",
      "street_address_en": "11, Komsomol'skiy Prospekt, 119146",
      "zip": "167981",
      "info": "Компания-производитель дизайнерской детской одежды. Успешно работаем на рынке более 10 лет. Наши дизайнеры создают яркую, оригинальную качественную одежду, которая отражает современный образ жизни.",
      "info_ru": "Компания-производитель дизайнерской детской одежды. Успешно работаем на рынке более 10 лет. Наши дизайнеры создают яркую, оригинальную качественную одежду, которая отражает современный образ жизни.",
      "info_en": "Manufacturer of designer children's clothing. Successfully work on the market for over 10 years. Our designers create bright, original, quality clothing that reflects modern lifestyle.",
      "phone": "8212286501",
      "email": "market@komitex.ru",
      "website": "",
      "categories": [
        7
      ]
    }
  },
  {
    "model": "manufacturer.producer",
    "pk": 4,
    "fields": {
      "logo": "",
      "name": "SKY LAKE",
      "name_ru": "SKY LAKE",
      "name_en": "SKY LAKE",
      "slug": "sky-lake",
      "country": "RU",
      "city": "Санкт-Петербург",
      "city_ru": "Санкт-Петербург",
      "city_en": "St. Petersburg",
      "street_address": "Рижский просп., д. 40",
      "street_address_ru": "Рижский просп., д. 40",
      "street_address_en": "40, Rizhskiy Prospekt",
      "zip": "196105",
      "info": "TRUVOR Junior — школьная и классическая одежда для мальчиков и девочек на каждый день и особый случай. Высокое качество, доступные цены.",
      "info_ru": "TRUVOR Junior — школьная и классическая одежда для мальчиков и девочек на каждый день и особый случай. Высокое качество, доступные цены.",
      "info_en": "TRUVOR Junior presents school and classic clothes for boys and girls for every day and special occasions. High quality, reasonable prices.",
      "phone": "8127770407",
      "email": "moda@orticon.com",
      "website": "",
      "categories": [
        14
      ]
    }
  }
]